<?xml version="1.0" encoding="UTF-8"?>
<GenRun Id="impl_1" LaunchPart="xc7a100tcsg324-1" LaunchTime="1571946264">
  <File Type="WBT-USG" Name="usage_statistics_webtalk.html"/>
  <File Type="RDI-RDI" Name="Padder.vdi"/>
  <File Type="BG-DRC" Name="Padder.drc"/>
  <File Type="BG-BGN" Name="Padder.bgn"/>
  <File Type="BITSTR-SYSDEF" Name="Padder.sysdef"/>
  <File Type="BITSTR-LTX" Name="debug_nets.ltx"/>
  <File Type="BITSTR-LTX" Name="Padder.ltx"/>
  <File Type="BITSTR-MMI" Name="Padder.mmi"/>
  <File Type="BITSTR-BMM" Name="Padder_bd.bmm"/>
  <File Type="BITSTR-NKY" Name="Padder.nky"/>
  <File Type="BITSTR-RBT" Name="Padder.rbt"/>
  <File Type="BITSTR-MSK" Name="Padder.msk"/>
  <File Type="BG-BIN" Name="Padder.bin"/>
  <File Type="BG-BIT" Name="Padder.bit"/>
  <File Type="POSTROUTE-PHYSOPT-BUS-SKEW-RPX" Name="Padder_bus_skew_postroute_physopted.rpx"/>
  <File Type="POSTROUTE-PHYSOPT-BUS-SKEW-PB" Name="Padder_bus_skew_postroute_physopted.pb"/>
  <File Type="POSTROUTE-PHYSOPT-BUS-SKEW" Name="Padder_bus_skew_postroute_physopted.rpt"/>
  <File Type="POSTROUTE-PHYSOPT-TIMING-RPX" Name="Padder_timing_summary_postroute_physopted.rpx"/>
  <File Type="POSTROUTE-PHYSOPT-TIMING-PB" Name="Padder_timing_summary_postroute_physopted.pb"/>
  <File Type="POSTROUTE-PHYSOPT-TIMING" Name="Padder_timing_summary_postroute_physopted.rpt"/>
  <File Type="POSTROUTE-PHYSOPT-BLACKBOX-DCP" Name="Padder_postroute_physopt_bb.dcp"/>
  <File Type="POSTROUTE-PHYSOPT-DCP" Name="Padder_postroute_physopt.dcp"/>
  <File Type="ROUTE-BUS-SKEW-RPX" Name="Padder_bus_skew_routed.rpx"/>
  <File Type="ROUTE-BUS-SKEW-PB" Name="Padder_bus_skew_routed.pb"/>
  <File Type="ROUTE-BUS-SKEW" Name="Padder_bus_skew_routed.rpt"/>
  <File Type="ROUTE-CLK" Name="Padder_clock_utilization_routed.rpt"/>
  <File Type="ROUTE-SIMILARITY" Name="Padder_incremental_reuse_routed.rpt"/>
  <File Type="ROUTE-TIMING-RPX" Name="Padder_timing_summary_routed.rpx"/>
  <File Type="ROUTE-TIMING-PB" Name="Padder_timing_summary_routed.pb"/>
  <File Type="ROUTE-TIMINGSUMMARY" Name="Padder_timing_summary_routed.rpt"/>
  <File Type="ROUTE-STATUS-PB" Name="Padder_route_status.pb"/>
  <File Type="ROUTE-STATUS" Name="Padder_route_status.rpt"/>
  <File Type="ROUTE-PWR-RPX" Name="Padder_power_routed.rpx"/>
  <File Type="ROUTE-PWR-SUM" Name="Padder_power_summary_routed.pb"/>
  <File Type="ROUTE-PWR" Name="Padder_power_routed.rpt"/>
  <File Type="ROUTE-METHODOLOGY-DRC-PB" Name="Padder_methodology_drc_routed.pb"/>
  <File Type="ROUTE-METHODOLOGY-DRC-RPX" Name="Padder_methodology_drc_routed.rpx"/>
  <File Type="ROUTE-METHODOLOGY-DRC" Name="Padder_methodology_drc_routed.rpt"/>
  <File Type="ROUTE-DRC-RPX" Name="Padder_drc_routed.rpx"/>
  <File Type="ROUTE-DRC-PB" Name="Padder_drc_routed.pb"/>
  <File Type="ROUTE-DRC" Name="Padder_drc_routed.rpt"/>
  <File Type="ROUTE-BLACKBOX-DCP" Name="Padder_routed_bb.dcp"/>
  <File Type="ROUTE-DCP" Name="Padder_routed.dcp"/>
  <File Type="ROUTE-ERROR-DCP" Name="Padder_routed_error.dcp"/>
  <File Type="PHYSOPT-TIMING" Name="Padder_timing_summary_physopted.rpt"/>
  <File Type="PHYSOPT-DRC" Name="Padder_drc_physopted.rpt"/>
  <File Type="PHYSOPT-DCP" Name="Padder_physopt.dcp"/>
  <File Type="POSTPLACE-PWROPT-TIMING" Name="Padder_timing_summary_postplace_pwropted.rpt"/>
  <File Type="POSTPLACE-PWROPT-DCP" Name="Padder_postplace_pwropt.dcp"/>
  <File Type="PLACE-TIMING" Name="Padder_timing_summary_placed.rpt"/>
  <File Type="PLACE-PRE-SIMILARITY" Name="Padder_incremental_reuse_pre_placed.rpt"/>
  <File Type="PLACE-SIMILARITY" Name="Padder_incremental_reuse_placed.rpt"/>
  <File Type="PLACE-CTRL" Name="Padder_control_sets_placed.rpt"/>
  <File Type="PLACE-UTIL-PB" Name="Padder_utilization_placed.pb"/>
  <File Type="PLACE-UTIL" Name="Padder_utilization_placed.rpt"/>
  <File Type="PLACE-CLK" Name="Padder_clock_utilization_placed.rpt"/>
  <File Type="PLACE-IO" Name="Padder_io_placed.rpt"/>
  <File Type="PLACE-DCP" Name="Padder_placed.dcp"/>
  <File Type="PWROPT-DRC" Name="Padder_drc_pwropted.rpt"/>
  <File Type="PWROPT-DCP" Name="Padder_pwropt.dcp"/>
  <File Type="OPT-HWDEF" Name="Padder.hwdef"/>
  <File Type="OPT-METHODOLOGY-DRC" Name="Padder_methodology_drc_opted.rpt"/>
  <File Type="OPT-DRC" Name="Padder_drc_opted.rpt"/>
  <File Type="OPT-DCP" Name="Padder_opt.dcp"/>
  <File Type="INIT-TIMING" Name="Padder_timing_summary_init.rpt"/>
  <File Type="PWROPT-TIMING" Name="Padder_timing_summary_pwropted.rpt"/>
  <File Type="REPORTS-TCL" Name="Padder_reports.tcl"/>
  <File Type="OPT-TIMING" Name="Padder_timing_summary_opted.rpt"/>
  <File Type="PA-TCL" Name="Padder.tcl"/>
  <FileSet Name="sources" Type="DesignSrcs" RelSrcDir="$PSRCDIR/sources_1">
    <Filter Type="Srcs"/>
    <File Path="$PSRCDIR/sources_1/new/top.sv">
      <FileInfo>
        <Attr Name="UsedIn" Val="synthesis"/>
        <Attr Name="UsedIn" Val="implementation"/>
        <Attr Name="UsedIn" Val="simulation"/>
      </FileInfo>
    </File>
    <Config>
      <Option Name="DesignMode" Val="RTL"/>
      <Option Name="TopModule" Val="Padder"/>
      <Option Name="TopAutoSet" Val="TRUE"/>
    </Config>
  </FileSet>
  <FileSet Name="constrs_in" Type="Constrs" RelSrcDir="$PSRCDIR/constrs_1">
    <Filter Type="Constrs"/>
    <Config>
      <Option Name="ConstrsType" Val="XDC"/>
    </Config>
  </FileSet>
  <FileSet Name="utils" Type="Utils" RelSrcDir="$PSRCDIR/utils_1">
    <Filter Type="Utils"/>
    <Config>
      <Option Name="TopAutoSet" Val="TRUE"/>
    </Config>
  </FileSet>
  <Strategy Version="1" Minor="2">
    <StratHandle Name="Vivado Implementation Defaults" Flow="Vivado Implementation 2019"/>
    <Step Id="init_design"/>
    <Step Id="opt_design"/>
    <Step Id="power_opt_design"/>
    <Step Id="place_design"/>
    <Step Id="post_place_power_opt_design"/>
    <Step Id="phys_opt_design"/>
    <Step Id="route_design"/>
    <Step Id="post_route_phys_opt_design"/>
    <Step Id="write_bitstream"/>
  </Strategy>
</GenRun>
